"","VARIETY","YIELD.avg","YIELD.se","PROTEIN.avg","PROTEIN.sd"
"1","A",447.5,106.065007020627,21.3333333333333,4.59468291736341
"2","B",448.5,23.6174874676735,45.6,7.01854685814663
"3","C",449.75,24.8349911559132,46,6.81175454637056
